Timestamp,Geracao_Solar_W,Geracao_Eolica_W,Demanda_Global_W,Nivel_Bateria_Pct,O2_Pct,Temp_Int_C,Temp_Ext_C,Radiacao_mSv,Integridade_Pct
2026-01-01 00:00:00,0.0,1353.93,1897.94,94.56,21.02,22.02,-33.2,0.43,100.0
2026-01-01 00:05:00,110.69,1165.0,2105.69,86.26,21.04,21.98,-46.48,0.36,100.0
2026-01-01 00:10:00,225.01,518.59,1904.84,74.65,21.09,21.88,-51.52,0.38,100.0
2026-01-01 00:15:00,335.63,1870.11,1826.24,78.44,21.11,21.96,-50.09,0.46,100.0
2026-01-01 00:20:00,423.86,1448.29,1612.75,81.04,21.09,22.0,-48.36,0.22,100.0
2026-01-01 00:25:00,523.62,1853.37,1648.79,88.32,21.04,22.1,-52.55,0.11,100.0
2026-01-01 00:30:00,646.28,1959.44,2074.66,93.63,21.08,22.17,-49.65,0.28,100.0
2026-01-01 00:35:00,771.08,1466.42,1507.82,100.0,21.07,22.24,-30.42,0.18,100.0
2026-01-01 00:40:00,855.84,1186.93,1682.97,100.0,21.08,22.25,-35.26,0.32,100.0
2026-01-01 00:45:00,964.66,566.79,1731.86,98.0,21.11,22.22,-50.73,0.26,100.0
2026-01-01 00:50:00,1075.57,914.39,1791.78,99.98,21.14,22.1,-45.69,0.36,100.0
2026-01-01 00:55:00,1146.63,923.49,1960.13,100.0,21.1,22.16,-46.76,0.34,100.0
2026-01-01 01:00:00,1310.87,526.04,1832.02,100.0,21.11,22.06,-42.07,0.35,100.0
2026-01-01 01:05:00,1444.71,1433.0,1974.55,100.0,21.1,22.11,-48.0,0.42,100.0
2026-01-01 01:10:00,1562.54,1806.16,1980.44,100.0,21.08,22.08,-43.08,0.24,100.0
2026-01-01 01:15:00,1606.74,1000.74,2000.56,100.0,21.11,22.16,-31.65,0.27,100.0
2026-01-01 01:20:00,1720.23,1899.06,1738.11,100.0,21.15,22.18,-36.34,0.18,100.0
2026-01-01 01:25:00,1815.45,693.36,1941.07,100.0,21.15,22.1,-42.01,0.5,100.0
2026-01-01 01:30:00,1852.85,1866.55,1624.96,100.0,21.17,22.15,-57.25,0.22,100.0
2026-01-01 01:35:00,1992.49,880.39,1777.24,100.0,21.18,22.06,-35.49,0.18,100.0
2026-01-01 01:40:00,2136.31,1627.27,2089.84,100.0,21.22,22.03,-54.76,0.21,100.0
2026-01-01 01:45:00,2292.84,658.53,1706.25,100.0,21.19,21.95,-51.9,0.3,100.0
2026-01-01 01:50:00,2253.26,1401.05,2127.82,100.0,21.2,22.05,-54.6,0.47,100.0
2026-01-01 01:55:00,2324.73,1586.66,2032.14,100.0,21.18,22.13,-52.92,0.44,100.0
2026-01-01 02:00:00,2401.52,957.21,2061.81,100.0,21.19,22.03,-40.47,0.44,100.0
2026-01-01 02:05:00,2694.0,1703.69,2040.13,100.0,21.18,21.98,-44.37,0.28,100.0
2026-01-01 02:10:00,2725.1,1176.77,2129.3,100.0,21.13,22.07,-58.04,0.12,100.0
2026-01-01 02:15:00,2747.05,593.15,1702.57,100.0,21.16,21.98,-59.2,0.12,100.0
2026-01-01 02:20:00,2956.95,1621.7,1935.35,100.0,21.19,22.09,-57.16,0.43,100.0
2026-01-01 02:25:00,2874.2,1562.99,2179.34,100.0,21.21,22.05,-36.74,0.23,100.0
2026-01-01 02:30:00,2952.49,1687.9,2173.14,100.0,21.23,22.1,-55.85,0.18,100.0
2026-01-01 02:35:00,3098.01,1222.13,1785.73,100.0,21.25,22.12,-57.42,0.23,100.0
2026-01-01 02:40:00,3266.7,1829.39,1744.2,100.0,21.22,22.02,-46.33,0.25,100.0
2026-01-01 02:45:00,3236.64,1011.94,1656.31,100.0,21.18,21.97,-46.76,0.13,100.0
2026-01-01 02:50:00,3340.73,522.21,1993.1,100.0,21.22,21.98,-54.37,0.32,100.0
2026-01-01 02:55:00,3488.05,654.76,1954.69,100.0,21.22,21.98,-53.91,0.45,100.0
2026-01-01 03:00:00,3596.43,1513.25,1837.34,100.0,21.18,22.03,-45.93,0.21,100.0
2026-01-01 03:05:00,3486.92,711.09,1885.95,100.0,21.13,21.94,-44.35,0.15,100.0
2026-01-01 03:10:00,3777.81,1622.96,1732.6,100.0,21.09,22.05,-47.89,0.18,100.0
2026-01-01 03:15:00,3693.56,1526.37,2010.59,100.0,21.1,21.95,-51.1,0.28,100.0
2026-01-01 03:20:00,3844.93,782.4,1689.48,100.0,21.07,21.99,-56.95,0.34,100.0
2026-01-01 03:25:00,4008.14,871.6,1673.02,100.0,21.1,21.92,-45.83,0.25,100.0
2026-01-01 03:30:00,4031.78,971.6,1647.57,100.0,21.05,21.96,-34.76,0.37,100.0
2026-01-01 03:35:00,4082.62,1886.86,1859.7,100.0,21.05,21.9,-51.7,0.27,100.0
2026-01-01 03:40:00,3948.89,1863.89,2100.86,100.0,21.01,21.94,-34.11,0.3,100.0
2026-01-01 03:45:00,4231.52,901.78,1766.62,100.0,21.0,21.93,-30.34,0.39,100.0
2026-01-01 03:50:00,4162.33,1498.54,1765.21,100.0,21.0,21.92,-53.98,0.16,100.0
2026-01-01 03:55:00,4285.88,1699.53,1934.52,100.0,21.01,21.85,-51.57,0.36,100.0
2026-01-01 04:00:00,4167.3,978.79,1856.18,100.0,21.02,21.84,-41.52,0.35,100.0
2026-01-01 04:05:00,4438.53,971.28,1906.37,100.0,21.05,21.92,-40.34,0.14,100.0
2026-01-01 04:10:00,4457.68,1881.33,1883.82,100.0,21.05,21.92,-39.16,0.39,100.0
2026-01-01 04:15:00,4309.39,1503.41,1703.4,100.0,21.02,21.95,-41.6,0.24,100.0
2026-01-01 04:20:00,4366.06,913.77,2080.94,100.0,21.02,21.93,-39.03,0.4,100.0
2026-01-01 04:25:00,4642.8,1786.91,1939.81,100.0,21.02,21.95,-46.69,0.48,100.0
2026-01-01 04:30:00,4774.42,717.0,1563.09,100.0,20.97,22.03,-59.36,0.36,100.0
2026-01-01 04:35:00,4667.07,659.67,1606.75,100.0,20.99,22.11,-59.34,0.41,100.0
2026-01-01 04:40:00,4566.43,1137.21,1639.32,100.0,21.0,22.04,-43.95,0.33,100.0
2026-01-01 04:45:00,4761.44,700.43,1550.97,100.0,20.98,22.09,-42.92,0.47,100.0
2026-01-01 04:50:00,4658.51,888.24,1786.92,100.0,20.97,22.04,-39.47,0.3,100.0
2026-01-01 04:55:00,4863.93,1112.47,1925.27,100.0,20.96,22.05,-42.58,0.1,100.0
2026-01-01 05:00:00,4822.06,1281.96,1924.06,100.0,20.99,22.02,-37.77,0.25,100.0
2026-01-01 05:05:00,4716.66,1348.57,1638.79,100.0,21.02,22.07,-48.58,0.33,100.0
2026-01-01 05:10:00,4797.57,612.7,1565.8,100.0,20.99,22.14,-41.35,0.47,100.0
2026-01-01 05:15:00,4784.82,1847.74,2116.28,100.0,21.02,22.17,-55.42,0.28,100.0
2026-01-01 05:20:00,4833.06,542.02,1552.52,100.0,21.05,22.2,-57.4,0.34,100.0
2026-01-01 05:25:00,4796.18,1526.17,1696.86,100.0,21.0,22.19,-39.91,0.37,100.0
2026-01-01 05:30:00,5114.92,1503.13,2075.03,100.0,21.04,22.15,-48.77,0.14,100.0
2026-01-01 05:35:00,4998.93,1087.58,1883.44,100.0,21.04,22.12,-37.75,0.4,100.0
2026-01-01 05:40:00,5001.15,1858.7,1741.09,100.0,21.01,22.02,-54.89,0.35,100.0
2026-01-01 05:45:00,4808.77,1299.55,1640.61,100.0,21.04,21.96,-31.75,0.4,100.0
2026-01-01 05:50:00,5016.87,635.23,1516.06,100.0,21.06,21.96,-39.08,0.37,100.0
2026-01-01 05:55:00,4873.74,1362.33,1869.97,100.0,21.07,21.94,-51.8,0.38,100.0
2026-01-01 06:00:00,4853.98,1182.76,1903.4,100.0,21.07,21.89,-33.71,0.49,100.0
2026-01-01 06:05:00,4948.32,735.47,1747.2,100.0,21.07,21.81,-47.81,0.23,100.0
2026-01-01 06:10:00,4814.53,1827.29,1549.61,100.0,21.06,21.76,-41.73,0.49,100.0
2026-01-01 06:15:00,4854.72,1414.23,1850.96,100.0,21.03,21.7,-48.66,0.41,100.0
2026-01-01 06:20:00,4800.86,954.42,1516.54,100.0,21.0,21.79,-54.4,0.28,100.0
2026-01-01 06:25:00,4799.03,574.68,1806.15,100.0,21.01,21.81,-40.67,0.16,100.0
2026-01-01 06:30:00,5036.54,1841.82,1825.04,100.0,21.05,21.85,-44.49,0.17,100.0
2026-01-01 06:35:00,4942.44,830.49,2110.21,100.0,21.04,21.94,-37.83,0.3,100.0
2026-01-01 06:40:00,5057.21,1311.17,1864.36,100.0,21.02,21.85,-51.59,0.4,100.0
2026-01-01 06:45:00,4959.49,797.67,1575.55,100.0,20.99,21.81,-45.68,0.44,100.0
2026-01-01 06:50:00,4835.45,1109.63,1852.92,100.0,20.99,21.91,-30.46,0.13,100.0
2026-01-01 06:55:00,4884.51,1361.95,1688.43,100.0,21.03,22.02,-42.41,0.35,100.0
2026-01-01 07:00:00,5003.29,1878.1,2153.08,100.0,21.05,21.98,-35.53,0.19,100.0
2026-01-01 07:05:00,4961.12,696.9,1557.25,100.0,21.03,21.89,-52.18,0.38,100.0
2026-01-01 07:10:00,4624.61,772.1,1510.5,100.0,21.03,21.96,-48.25,0.23,100.0
2026-01-01 07:15:00,4902.38,1451.48,1538.65,100.0,21.0,21.89,-30.64,0.31,100.0
2026-01-01 07:20:00,4857.64,1905.07,2022.4,100.0,20.99,21.81,-36.31,0.44,100.0
2026-01-01 07:25:00,4609.7,1302.09,1930.68,100.0,20.98,21.73,-46.55,0.16,100.0
2026-01-01 07:30:00,4761.24,1364.49,2119.18,100.0,20.98,21.8,-35.0,0.48,100.0
2026-01-01 07:35:00,4646.61,1746.79,1829.47,100.0,20.95,21.91,-59.88,0.25,100.0
2026-01-01 07:40:00,4661.5,1216.75,1782.79,100.0,20.99,21.82,-48.77,0.12,100.0
2026-01-01 07:45:00,4404.75,1755.76,1845.75,100.0,20.95,21.93,-58.6,0.41,100.0
2026-01-01 07:50:00,4561.46,1194.86,1866.5,100.0,20.94,21.96,-34.2,0.28,100.0
2026-01-01 07:55:00,4341.98,1761.69,1625.28,100.0,20.93,21.98,-30.2,0.24,100.0
2026-01-01 08:00:00,4438.76,1063.89,1834.86,100.0,20.97,21.94,-59.11,0.48,100.0
2026-01-01 08:05:00,4322.06,542.51,2102.82,100.0,20.95,21.88,-54.1,0.13,100.0
2026-01-01 08:10:00,4260.35,1569.0,2054.8,100.0,20.94,21.88,-37.48,0.47,100.0
2026-01-01 08:15:00,4161.49,569.12,2128.0,100.0,20.9,21.94,-53.8,0.34,100.0
2026-01-01 08:20:00,3973.9,615.48,2006.11,100.0,20.94,22.02,-36.81,0.29,100.0
2026-01-01 08:25:00,3930.15,1734.42,1871.97,100.0,20.94,22.08,-44.88,0.17,100.0
2026-01-01 08:30:00,3914.15,714.68,2155.1,100.0,20.99,22.05,-46.83,0.29,100.0
2026-01-01 08:35:00,3898.79,588.86,1522.8,100.0,21.0,21.95,-57.42,0.18,100.0
2026-01-01 08:40:00,3753.49,734.56,1740.13,100.0,20.96,21.98,-41.69,0.36,100.0
2026-01-01 08:45:00,3609.13,857.38,1744.56,100.0,21.0,21.9,-51.22,0.14,100.0
2026-01-01 08:50:00,3612.33,636.97,2094.72,100.0,20.99,21.89,-42.98,0.37,100.0
2026-01-01 08:55:00,3568.53,736.67,2088.82,100.0,21.01,21.93,-47.81,0.48,100.0
2026-01-01 09:00:00,3438.28,1222.6,1752.11,100.0,21.0,21.91,-36.03,0.45,100.0
2026-01-01 09:05:00,3409.09,1905.58,2064.52,100.0,20.95,21.96,-42.25,0.18,100.0
2026-01-01 09:10:00,3349.91,1228.29,1607.84,100.0,21.0,22.04,-48.69,0.41,100.0
2026-01-01 09:15:00,3192.61,1023.65,1532.3,100.0,21.02,22.08,-33.82,0.12,100.0
2026-01-01 09:20:00,3175.39,1155.97,1529.21,100.0,21.04,22.17,-59.43,0.28,100.0
2026-01-01 09:25:00,3138.69,596.36,2092.39,100.0,21.03,22.22,-50.79,0.37,100.0
2026-01-01 09:30:00,3076.24,1454.52,1930.04,100.0,21.05,22.28,-40.96,0.33,100.0
2026-01-01 09:35:00,2984.32,1242.17,1791.61,100.0,21.01,22.23,-52.49,0.27,100.0
2026-01-01 09:40:00,2854.74,874.01,1994.29,100.0,20.98,22.27,-38.72,0.42,100.0
2026-01-01 09:45:00,2822.92,1822.2,1602.27,100.0,20.99,22.27,-34.48,0.47,100.0
2026-01-01 09:50:00,2642.22,1947.1,1935.06,100.0,21.01,22.3,-39.03,0.1,100.0
2026-01-01 09:55:00,2658.42,934.77,1538.6,100.0,21.03,22.32,-37.5,0.4,100.0
2026-01-01 10:00:00,2463.8,1614.67,2190.91,100.0,21.08,22.26,-44.15,0.22,100.0
2026-01-01 10:05:00,2343.0,660.31,1614.95,100.0,21.04,22.24,-43.12,0.17,100.0
2026-01-01 10:10:00,2223.81,1250.91,1884.27,100.0,21.06,22.22,-52.82,0.11,100.0
2026-01-01 10:15:00,2128.32,1807.68,1916.81,100.0,21.1,22.24,-35.7,0.38,100.0
2026-01-01 10:20:00,2090.78,1020.16,1691.19,100.0,21.12,22.12,-46.92,0.17,100.0
2026-01-01 10:25:00,2060.02,1768.64,1920.05,100.0,21.15,22.03,-48.09,0.43,100.0
2026-01-01 10:30:00,1863.28,822.57,1657.09,100.0,21.18,22.03,-44.54,0.27,100.0
2026-01-01 10:35:00,1744.38,592.91,2145.54,100.0,21.19,22.03,-30.78,0.35,100.0
2026-01-01 10:40:00,1706.77,1764.39,1999.36,100.0,21.22,22.1,-55.23,0.29,100.0
2026-01-01 10:45:00,1561.93,1238.47,1965.16,100.0,21.22,22.16,-39.98,0.38,100.0
2026-01-01 10:50:00,1560.03,1781.09,1899.32,100.0,21.24,22.15,-58.59,0.18,100.0
2026-01-01 10:55:00,1403.17,1625.59,1926.18,100.0,21.21,22.18,-36.41,0.42,100.0
2026-01-01 11:00:00,1258.32,632.53,2109.01,97.82,21.26,22.12,-54.84,0.12,100.0
2026-01-01 11:05:00,1152.11,1961.9,1865.1,100.0,21.29,22.16,-39.6,0.2,100.0
2026-01-01 11:10:00,1070.54,1474.27,2111.95,100.0,21.26,22.23,-37.32,0.31,100.0
2026-01-01 11:15:00,974.21,1695.78,1720.43,100.0,21.22,22.2,-33.39,0.36,100.0
2026-01-01 11:20:00,874.12,1063.07,1883.17,100.0,21.19,22.17,-40.24,0.28,100.0
2026-01-01 11:25:00,757.34,1432.41,2164.74,100.0,21.19,22.12,-40.84,0.42,100.0
2026-01-01 11:30:00,675.11,709.72,1801.69,95.83,21.2,22.07,-43.43,0.21,100.0
2026-01-01 11:35:00,545.43,1740.33,1868.91,100.0,21.23,22.04,-55.12,0.27,100.0
2026-01-01 11:40:00,432.91,849.31,1668.43,96.14,21.24,22.0,-49.43,0.48,100.0
2026-01-01 11:45:00,340.09,769.44,2164.4,85.59,21.27,22.04,-54.29,0.18,100.0
2026-01-01 11:50:00,210.68,818.63,2072.01,75.16,21.26,21.95,-46.73,0.48,100.0
2026-01-01 11:55:00,105.07,608.03,1724.56,65.05,21.28,22.01,-48.62,0.32,100.0
2026-01-01 12:00:00,0.0,768.77,1980.51,52.93,21.32,22.1,-37.09,0.24,100.0
2026-01-01 12:05:00,0.0,928.29,1693.89,45.27,21.32,22.0,-46.26,0.32,100.0
2026-01-01 12:10:00,0.0,765.04,2136.23,31.56,21.34,22.05,-40.16,0.22,100.0
2026-01-01 12:15:00,0.0,1046.52,2070.93,21.32,21.35,22.14,-53.54,0.23,100.0
2026-01-01 12:20:00,0.0,1984.32,2158.84,19.57,21.32,22.08,-31.83,0.39,100.0
2026-01-01 12:25:00,0.0,1123.71,1567.42,15.14,21.27,21.99,-37.49,0.38,100.0
2026-01-01 12:30:00,0.0,1290.22,1582.24,12.22,21.29,22.06,-53.91,0.18,100.0
2026-01-01 12:35:00,0.0,812.69,1884.98,1.49,21.31,22.11,-49.44,0.35,100.0
2026-01-01 12:40:00,0.0,705.97,1959.29,0.0,21.35,22.04,-32.24,0.39,100.0
2026-01-01 12:45:00,0.0,1525.85,1953.18,0.0,21.34,21.96,-48.2,0.25,100.0
2026-01-01 12:50:00,0.0,568.08,1658.36,0.0,21.29,22.02,-32.49,0.22,100.0
2026-01-01 12:55:00,0.0,689.31,1839.86,0.0,21.26,21.97,-32.24,0.29,100.0
2026-01-01 13:00:00,0.0,1275.38,1918.44,0.0,21.3,22.05,-59.76,0.22,100.0
2026-01-01 13:05:00,0.0,765.02,1735.56,0.0,21.35,21.96,-49.09,0.26,100.0
2026-01-01 13:10:00,0.0,798.64,1506.15,0.0,21.38,21.89,-59.28,0.24,100.0
2026-01-01 13:15:00,0.0,1086.82,2181.26,0.0,21.4,21.95,-47.84,0.38,100.0
2026-01-01 13:20:00,0.0,1978.76,1931.21,0.48,21.37,21.98,-35.18,0.39,100.0
2026-01-01 13:25:00,0.0,1412.17,2120.38,0.0,21.39,22.02,-55.53,0.26,100.0
2026-01-01 13:30:00,0.0,964.78,2009.18,0.0,21.43,22.04,-46.08,0.29,100.0
2026-01-01 13:35:00,0.0,832.65,2097.09,0.0,21.41,22.09,-51.24,0.15,100.0
2026-01-01 13:40:00,0.0,770.58,1571.41,0.0,21.45,22.0,-55.73,0.39,100.0
2026-01-01 13:45:00,0.0,737.58,1733.52,0.0,21.42,21.9,-44.24,0.32,100.0
2026-01-01 13:50:00,0.0,1947.29,1526.73,4.21,21.41,21.84,-58.48,0.21,100.0
2026-01-01 13:55:00,0.0,528.59,1876.4,0.0,21.42,21.84,-41.48,0.36,100.0
2026-01-01 14:00:00,0.0,1521.48,1531.75,0.0,21.44,21.82,-41.08,0.4,100.0
2026-01-01 14:05:00,0.0,625.23,2006.06,0.0,21.4,21.76,-59.06,0.27,100.0
2026-01-01 14:10:00,0.0,1410.9,2162.29,0.0,21.42,21.86,-52.62,0.33,100.0
2026-01-01 14:15:00,0.0,1356.11,1578.15,0.0,21.45,21.93,-30.58,0.28,100.0
2026-01-01 14:20:00,0.0,1772.5,1686.85,0.86,21.45,21.93,-48.33,0.48,100.0
2026-01-01 14:25:00,0.0,1172.05,1803.57,0.0,21.47,21.84,-38.55,0.23,100.0
2026-01-01 14:30:00,0.0,909.44,2084.02,0.0,21.48,21.86,-31.94,0.23,100.0
2026-01-01 14:35:00,0.0,1614.52,1576.22,0.38,21.43,21.94,-59.54,0.29,100.0
2026-01-01 14:40:00,0.0,1767.58,1730.31,0.76,21.45,21.93,-31.69,0.14,100.0
2026-01-01 14:45:00,0.0,783.28,2050.01,0.0,21.47,22.02,-31.13,0.35,100.0
2026-01-01 14:50:00,0.0,974.17,1956.9,0.0,21.44,22.02,-50.42,0.28,100.0
2026-01-01 14:55:00,0.0,1260.73,2071.84,0.0,21.39,21.95,-30.67,0.39,100.0
2026-01-01 15:00:00,0.0,1166.25,1950.28,0.0,21.4,22.04,-58.85,0.17,100.0
2026-01-01 15:05:00,0.0,641.37,2010.75,0.0,21.39,21.98,-53.85,0.46,100.0
2026-01-01 15:10:00,0.0,1723.47,1691.31,0.32,21.42,21.9,-41.76,0.35,100.0
2026-01-01 15:15:00,0.0,1095.83,1767.91,0.0,21.42,21.93,-42.39,0.16,100.0
2026-01-01 15:20:00,0.0,1917.77,1557.13,3.61,21.41,21.86,-33.36,0.44,100.0
2026-01-01 15:25:00,0.0,654.07,1502.21,0.0,21.38,21.95,-57.91,0.3,100.0
2026-01-01 15:30:00,0.0,1120.65,1623.53,0.0,21.37,22.04,-57.82,0.46,100.0
2026-01-01 15:35:00,0.0,880.2,1557.41,0.0,21.34,21.99,-43.54,0.18,100.0
2026-01-01 15:40:00,0.0,1861.35,1835.27,0.26,21.37,22.07,-59.03,0.27,100.0
2026-01-01 15:45:00,0.0,1291.47,1854.12,0.0,21.38,22.02,-34.98,0.36,100.0
2026-01-01 15:50:00,0.0,1948.95,1583.17,3.66,21.36,21.96,-52.82,0.2,100.0
2026-01-01 15:55:00,0.0,949.59,1526.09,0.0,21.31,22.03,-50.42,0.14,100.0
2026-01-01 16:00:00,0.0,870.24,1732.03,0.0,21.34,21.94,-47.1,0.4,100.0
2026-01-01 16:05:00,0.0,798.77,1874.13,0.0,21.37,21.86,-39.92,0.16,100.0
2026-01-01 16:10:00,0.0,1117.29,1865.67,0.0,21.35,21.95,-41.31,0.11,100.0
2026-01-01 16:15:00,0.0,1314.28,1501.75,0.0,21.37,21.86,-33.1,0.2,100.0
2026-01-01 16:20:00,0.0,1302.56,2181.28,0.0,21.38,21.8,-37.42,0.49,100.0
2026-01-01 16:25:00,0.0,535.07,1927.75,0.0,21.39,21.82,-57.18,0.44,100.0
2026-01-01 16:30:00,0.0,644.32,1704.65,0.0,21.35,21.92,-33.43,0.36,100.0
2026-01-01 16:35:00,0.0,1792.29,1777.95,0.14,21.37,21.84,-42.5,0.21,100.0
2026-01-01 16:40:00,0.0,955.0,1655.45,0.0,21.34,21.88,-36.39,0.42,100.0
2026-01-01 16:45:00,0.0,535.14,1711.86,0.0,21.29,21.83,-51.76,0.41,100.0
2026-01-01 16:50:00,0.0,1472.35,1872.05,0.0,21.26,21.85,-50.59,0.45,100.0
2026-01-01 16:55:00,0.0,1810.72,1595.52,2.15,21.25,21.86,-56.93,0.49,100.0
2026-01-01 17:00:00,0.0,846.88,2099.06,0.0,21.25,21.84,-34.75,0.49,100.0
2026-01-01 17:05:00,0.0,1493.14,1654.66,0.0,21.22,21.9,-31.18,0.35,100.0
2026-01-01 17:10:00,0.0,551.93,2167.71,0.0,21.25,21.86,-40.9,0.2,100.0
2026-01-01 17:15:00,0.0,1064.96,1564.39,0.0,21.24,21.92,-47.5,0.35,100.0
2026-01-01 17:20:00,0.0,615.67,1706.84,0.0,21.24,21.86,-58.29,0.46,100.0
2026-01-01 17:25:00,0.0,1156.46,2074.37,0.0,21.2,21.93,-40.19,0.32,100.0
2026-01-01 17:30:00,0.0,1502.46,1746.43,0.0,21.17,22.02,-54.16,0.37,100.0
2026-01-01 17:35:00,0.0,1449.68,1784.99,0.0,21.15,21.92,-41.05,0.33,100.0
2026-01-01 17:40:00,0.0,751.32,1741.66,0.0,21.14,21.96,-47.01,0.38,100.0
2026-01-01 17:45:00,0.0,1170.96,2196.43,0.0,21.17,21.92,-46.8,0.15,100.0
2026-01-01 17:50:00,0.0,1898.5,1825.77,0.73,21.18,21.96,-59.98,0.33,100.0
2026-01-01 17:55:00,0.0,1685.46,2138.58,0.0,21.21,21.95,-55.19,0.32,100.0
2026-01-01 18:00:00,0.0,686.89,2185.79,0.0,21.2,22.06,-30.59,0.41,100.0
2026-01-01 18:05:00,0.0,1803.94,1978.64,0.0,21.24,22.11,-41.03,0.28,100.0
2026-01-01 18:10:00,0.0,1298.79,1689.66,0.0,21.28,22.17,-48.43,0.15,100.0
2026-01-01 18:15:00,0.0,1987.32,1513.73,4.74,21.28,22.19,-32.36,0.36,100.0
2026-01-01 18:20:00,0.0,1726.2,2074.37,1.25,21.26,22.24,-40.43,0.19,100.0
2026-01-01 18:25:00,0.0,503.74,1647.53,0.0,21.25,22.3,-33.84,0.4,100.0
2026-01-01 18:30:00,0.0,877.36,1619.29,0.0,21.27,22.31,-36.84,0.3,100.0
2026-01-01 18:35:00,0.0,589.95,1821.09,0.0,21.24,22.28,-51.17,0.1,100.0
2026-01-01 18:40:00,0.0,730.84,1898.05,0.0,21.2,22.26,-40.8,0.24,100.0
2026-01-01 18:45:00,0.0,1040.69,1860.92,0.0,21.23,22.3,-42.82,0.21,100.0
2026-01-01 18:50:00,0.0,1048.81,2100.59,0.0,21.26,22.31,-30.4,0.46,100.0
2026-01-01 18:55:00,0.0,919.38,1582.5,0.0,21.28,22.23,-44.82,0.44,100.0
2026-01-01 19:00:00,0.0,1892.51,2128.91,0.0,21.24,22.21,-59.12,0.25,100.0
2026-01-01 19:05:00,0.0,861.97,1769.32,0.0,21.2,22.11,-44.94,0.12,100.0
2026-01-01 19:10:00,0.0,1886.49,2045.88,0.0,21.19,22.05,-33.67,0.15,100.0
2026-01-01 19:15:00,0.0,1464.47,1729.85,0.0,21.16,22.14,-41.47,0.48,100.0
2026-01-01 19:20:00,0.0,1701.91,1896.18,0.0,21.16,22.21,-40.56,0.24,100.0
2026-01-01 19:25:00,0.0,654.99,1728.16,0.0,21.13,22.27,-56.13,0.47,100.0
2026-01-01 19:30:00,0.0,1775.25,1958.09,0.0,21.1,22.2,-47.28,0.11,100.0
2026-01-01 19:35:00,0.0,1937.28,1619.14,3.18,21.09,22.14,-38.96,0.2,100.0
2026-01-01 19:40:00,0.0,1324.34,2049.31,0.0,21.1,22.11,-34.18,0.49,100.0
2026-01-01 19:45:00,0.0,1016.14,1680.47,0.0,21.1,22.09,-53.89,0.31,100.0
2026-01-01 19:50:00,0.0,1573.12,1729.95,0.0,21.1,22.08,-41.82,0.19,100.0
2026-01-01 19:55:00,0.0,627.88,1773.36,0.0,21.13,22.15,-30.66,0.25,100.0
2026-01-01 20:00:00,0.0,1591.26,1625.13,0.0,21.14,22.07,-36.17,0.39,100.0
2026-01-01 20:05:00,0.0,1706.36,2110.15,0.0,21.16,22.12,-55.43,0.13,100.0
2026-01-01 20:10:00,0.0,1233.68,1682.51,0.0,21.18,22.12,-59.28,0.31,100.0
2026-01-01 20:15:00,0.0,1400.16,2093.35,0.0,21.15,22.13,-59.45,0.32,100.0
2026-01-01 20:20:00,0.0,1904.06,2135.34,0.0,21.18,22.13,-36.15,0.27,100.0
2026-01-01 20:25:00,0.0,906.45,1756.01,0.0,21.16,22.08,-30.23,0.21,100.0
2026-01-01 20:30:00,0.0,1094.06,1733.48,0.0,21.14,21.98,-49.66,0.39,100.0
2026-01-01 20:35:00,0.0,1808.09,1705.22,1.03,21.1,21.88,-38.92,0.38,100.0
2026-01-01 20:40:00,0.0,1352.55,1690.69,0.0,21.1,21.97,-35.42,0.24,100.0
2026-01-01 20:45:00,0.0,730.77,1605.5,0.0,21.12,21.9,-44.62,0.43,100.0
2026-01-01 20:50:00,45.45,3384.3,2747.36,6.82,21.17,21.81,-86.4,2.17,99.95
2026-01-01 20:55:00,39.22,2946.0,2999.51,6.68,21.22,21.72,-83.78,2.14,99.91
2026-01-01 21:00:00,1.05,3317.38,2795.95,11.91,21.27,21.67,-89.91,4.41,99.89
2026-01-01 21:05:00,2.71,2935.15,2657.93,14.71,21.26,21.6,-95.24,3.78,99.88
2026-01-01 21:10:00,37.58,3006.71,3068.64,14.46,21.28,21.56,-98.6,4.93,99.85
2026-01-01 21:15:00,10.82,3063.41,2523.18,19.97,21.3,21.46,-82.21,3.28,99.83
2026-01-01 21:20:00,15.1,2884.03,2839.42,20.57,21.32,21.4,-93.47,3.84,99.79
2026-01-01 21:25:00,40.45,3345.91,2795.07,26.48,21.34,21.33,-86.63,2.27,99.75
2026-01-01 21:30:00,46.81,2697.39,2592.73,28.0,21.35,21.31,-88.25,4.71,99.73
2026-01-01 21:35:00,32.28,2627.84,3117.03,23.43,21.38,21.26,-91.27,2.53,99.69
2026-01-01 21:40:00,42.08,2892.77,2929.15,23.48,21.42,21.18,-91.66,4.38,99.68
2026-01-01 21:45:00,31.48,2629.51,2826.73,21.83,21.46,21.1,-92.15,2.31,99.65
2026-01-01 21:50:00,2.27,2651.83,2923.96,19.13,21.44,21.05,-88.67,2.73,99.64
2026-01-01 21:55:00,11.78,2513.74,2774.55,16.64,21.41,21.03,-91.84,2.79,99.62
2026-01-01 22:00:00,44.41,2977.89,3063.15,16.23,21.45,20.95,-98.51,4.92,99.6
2026-01-01 22:05:00,16.92,2954.84,2579.34,20.15,21.47,20.89,-84.95,4.97,99.58
2026-01-01 22:10:00,49.11,3269.73,2740.08,25.94,21.46,20.83,-92.1,4.03,99.55
2026-01-01 22:15:00,23.15,2712.77,2833.05,24.97,21.41,20.77,-95.7,3.06,99.52
2026-01-01 22:20:00,9.06,2772.51,2565.89,27.13,21.37,20.7,-91.61,2.06,99.5
2026-01-01 22:25:00,2.22,2507.22,2911.75,23.1,21.38,20.61,-84.5,4.2,99.45
2026-01-01 22:30:00,32.24,2764.08,2960.94,21.46,21.43,20.53,-82.05,4.75,99.41
2026-01-01 22:35:00,45.21,2972.39,2662.68,25.01,21.47,20.46,-98.44,4.11,99.39
2026-01-01 22:40:00,7.71,2840.0,2949.7,23.99,21.43,20.44,-92.46,2.42,99.36
2026-01-01 22:45:00,4.15,3437.95,3099.48,27.41,21.43,20.36,-96.76,4.82,99.32
2026-01-01 22:50:00,1.87,3290.85,2680.6,33.53,21.43,20.27,-86.48,2.65,99.28
2026-01-01 22:55:00,47.67,2918.81,2731.55,35.88,21.44,20.18,-99.22,4.6,99.27
2026-01-01 23:00:00,37.2,3211.35,3085.12,37.52,21.4,20.15,-86.89,3.92,99.25
2026-01-01 23:05:00,41.72,2997.13,3157.82,36.33,21.41,20.1,-80.51,3.49,99.23
2026-01-01 23:10:00,8.91,3245.97,2523.88,43.64,21.42,20.04,-98.82,3.67,99.19
2026-01-01 23:15:00,7.78,3014.12,3098.13,42.88,21.43,19.96,-97.76,4.99,99.16
2026-01-01 23:20:00,41.45,2622.19,2662.91,42.88,21.45,19.93,-96.9,2.73,99.14
2026-01-01 23:25:00,47.99,2994.77,2955.42,43.76,21.47,19.87,-92.79,4.29,99.11
2026-01-01 23:30:00,11.36,2575.99,2598.97,43.64,21.42,19.84,-87.77,4.99,99.08
2026-01-01 23:35:00,28.13,2622.41,2816.83,41.98,21.42,19.82,-85.72,2.45,99.03
2026-01-01 23:40:00,45.76,2869.59,2981.31,41.32,21.42,19.81,-91.32,3.95,99.0
2026-01-01 23:45:00,41.83,3284.21,3062.11,43.96,21.46,19.79,-97.79,4.48,98.99
2026-01-01 23:50:00,6.92,3050.47,2807.12,46.46,21.45,19.77,-98.42,3.79,98.97
2026-01-01 23:55:00,10.67,3411.37,2948.36,51.2,21.46,19.69,-90.19,4.77,98.96
2026-01-02 00:00:00,42.57,2961.24,2556.75,55.67,21.44,19.67,-94.42,2.73,98.94
2026-01-02 00:05:00,29.67,3099.67,2828.95,58.67,21.41,19.59,-98.22,3.84,98.9
2026-01-02 00:10:00,45.79,2622.46,3039.77,54.96,21.38,19.51,-87.42,3.28,98.89
2026-01-02 00:15:00,47.14,2578.5,2899.58,52.22,21.41,19.43,-85.09,3.02,98.85
2026-01-02 00:20:00,43.14,3484.43,2772.53,59.77,21.41,19.33,-93.02,2.86,98.81
2026-01-02 00:25:00,9.91,2666.79,2628.73,60.25,21.41,19.25,-98.16,2.83,98.77
2026-01-02 00:30:00,21.62,2987.86,2814.88,62.19,21.36,19.18,-87.14,4.33,98.74
2026-01-02 00:35:00,13.59,3141.45,2771.21,66.03,21.38,19.09,-87.48,3.9,98.73
2026-01-02 00:40:00,4.47,2599.59,2807.8,63.99,21.37,19.05,-88.65,2.27,98.69
2026-01-02 00:45:00,24.8,3205.89,2571.05,70.59,21.39,19.03,-87.42,2.41,98.66
2026-01-02 00:50:00,26.46,2854.5,3115.7,68.24,21.35,18.94,-95.28,2.78,98.62
2026-01-02 00:55:00,14.79,3395.4,2684.77,75.5,21.36,18.87,-96.7,2.38,98.59
2026-01-02 01:00:00,5.95,3277.05,2790.86,80.42,21.35,18.84,-91.81,4.97,98.54
2026-01-02 01:05:00,1371.88,869.01,2159.29,81.23,21.35,19.14,-34.36,0.4,98.54
2026-01-02 01:10:00,1526.26,1725.35,2128.52,92.47,21.35,19.45,-41.63,0.29,98.54
2026-01-02 01:15:00,1581.89,999.2,1636.01,100.0,21.34,19.65,-56.08,0.44,98.54
2026-01-02 01:20:00,1756.92,571.83,2155.31,100.0,21.39,19.8,-57.0,0.12,98.54
2026-01-02 01:25:00,1741.21,561.82,1900.76,100.0,21.35,20.0,-36.33,0.42,98.54
2026-01-02 01:30:00,1902.83,1178.38,2163.06,100.0,21.36,20.14,-53.01,0.31,98.54
2026-01-02 01:35:00,2053.4,839.7,1869.49,100.0,21.32,20.36,-31.07,0.15,98.54
2026-01-02 01:40:00,2096.82,690.25,1577.54,100.0,21.32,20.49,-56.5,0.12,98.54
2026-01-02 01:45:00,2159.73,805.26,1833.6,100.0,21.3,20.66,-38.91,0.34,98.54
2026-01-02 01:50:00,2259.9,1314.41,1588.39,100.0,21.32,20.74,-31.38,0.4,98.54
2026-01-02 01:55:00,2330.72,1895.75,2015.51,100.0,21.29,20.95,-44.7,0.47,98.54
2026-01-02 02:00:00,2598.76,942.63,1833.68,100.0,21.29,21.03,-30.56,0.39,98.54
2026-01-02 02:05:00,2628.92,550.63,1751.09,100.0,21.27,21.06,-51.84,0.25,98.54
2026-01-02 02:10:00,2735.95,1992.7,2098.66,100.0,21.23,21.12,-51.45,0.2,98.54
2026-01-02 02:15:00,2844.79,586.86,1766.43,100.0,21.25,21.24,-39.13,0.17,98.54
2026-01-02 02:20:00,2894.05,889.83,1792.41,100.0,21.23,21.29,-39.32,0.39,98.54
2026-01-02 02:25:00,2881.78,1012.97,1831.15,100.0,21.27,21.28,-33.35,0.23,98.54
2026-01-02 02:30:00,2968.17,507.05,1935.94,100.0,21.27,21.41,-46.33,0.35,98.54
2026-01-02 02:35:00,3251.58,1330.14,1652.72,100.0,21.28,21.47,-50.81,0.17,98.54
2026-01-02 02:40:00,3120.27,1357.64,1970.4,100.0,21.33,21.47,-42.37,0.26,98.54
2026-01-02 02:45:00,3420.22,1829.33,1897.98,100.0,21.36,21.6,-42.68,0.2,98.54
2026-01-02 02:50:00,3471.23,699.1,1643.46,100.0,21.38,21.55,-56.9,0.2,98.54
2026-01-02 02:55:00,3377.58,559.37,2071.44,100.0,21.41,21.66,-43.97,0.27,98.54
2026-01-02 03:00:00,3499.43,857.47,1995.05,100.0,21.43,21.76,-37.98,0.45,98.54
2026-01-02 03:05:00,3579.58,1927.45,2087.43,100.0,21.47,21.79,-41.81,0.18,98.54
2026-01-02 03:10:00,3771.06,772.25,1848.95,100.0,21.47,21.9,-40.44,0.17,98.54
2026-01-02 03:15:00,3900.47,629.34,1539.21,100.0,21.45,21.91,-45.97,0.4,98.54
2026-01-02 03:20:00,3865.98,1299.49,1581.57,100.0,21.42,22.01,-55.52,0.12,98.54
2026-01-02 03:25:00,3873.39,1299.91,2125.92,100.0,21.39,22.01,-38.62,0.48,98.54
2026-01-02 03:30:00,4034.28,1002.38,1862.99,100.0,21.34,21.96,-43.02,0.24,98.54
2026-01-02 03:35:00,4074.23,1071.54,1972.86,100.0,21.3,21.87,-51.36,0.13,98.54
2026-01-02 03:40:00,4054.57,1832.81,2082.1,100.0,21.31,21.86,-58.08,0.32,98.54
2026-01-02 03:45:00,4024.79,1975.37,1743.29,100.0,21.35,21.91,-58.54,0.35,98.54
2026-01-02 03:50:00,4092.71,730.23,1882.55,100.0,21.35,21.97,-34.18,0.37,98.54
2026-01-02 03:55:00,4231.91,735.74,1882.93,100.0,21.36,21.96,-42.31,0.12,98.54
2026-01-02 04:00:00,4376.84,779.46,2041.43,100.0,21.37,22.02,-54.39,0.34,98.54
2026-01-02 04:05:00,4238.61,1991.21,1706.46,100.0,21.34,21.98,-55.31,0.13,98.54
2026-01-02 04:10:00,4439.36,1236.49,2015.56,100.0,21.32,21.95,-44.54,0.27,98.54
2026-01-02 04:15:00,4432.59,1653.26,2057.08,100.0,21.29,21.88,-58.68,0.16,98.54
2026-01-02 04:20:00,4465.89,864.46,1507.27,100.0,21.34,21.9,-34.39,0.23,98.54
2026-01-02 04:25:00,4478.85,1081.67,1607.42,100.0,21.33,21.97,-57.14,0.26,98.54
2026-01-02 04:30:00,4448.76,1884.55,2025.04,100.0,21.33,22.03,-37.91,0.18,98.54
2026-01-02 04:35:00,4594.81,1939.21,1705.64,100.0,21.29,22.09,-30.36,0.22,98.54
2026-01-02 04:40:00,4850.65,687.3,2148.06,100.0,21.27,22.15,-39.51,0.12,98.54
2026-01-02 04:45:00,4674.97,968.41,1575.51,100.0,21.23,22.09,-43.22,0.26,98.54
2026-01-02 04:50:00,4608.79,674.71,1737.01,100.0,21.26,22.18,-39.24,0.22,98.54
2026-01-02 04:55:00,4982.14,1946.79,1579.66,100.0,21.3,22.25,-37.03,0.29,98.54
2026-01-02 05:00:00,4802.91,948.54,1641.42,100.0,21.3,22.31,-31.16,0.21,98.54
2026-01-02 05:05:00,5001.07,1822.55,2181.63,100.0,21.26,22.28,-36.34,0.41,98.54
2026-01-02 05:10:00,4913.61,1312.84,1670.66,100.0,21.28,22.25,-34.46,0.16,98.54
2026-01-02 05:15:00,5055.32,1932.42,1546.77,100.0,21.28,22.18,-42.97,0.43,98.54
2026-01-02 05:20:00,5004.62,627.07,1949.42,100.0,21.26,22.09,-44.71,0.29,98.54
2026-01-02 05:25:00,5134.23,1113.16,1704.33,100.0,21.24,22.09,-56.22,0.22,98.54
2026-01-02 05:30:00,4965.04,905.3,2125.25,100.0,21.27,22.11,-34.17,0.48,98.54
2026-01-02 05:35:00,5140.44,1170.17,1740.1,100.0,21.28,22.2,-38.01,0.25,98.54
2026-01-02 05:40:00,5010.59,1263.56,1832.76,100.0,21.26,22.26,-43.03,0.38,98.54
2026-01-02 05:45:00,5089.38,1182.42,2148.08,100.0,21.3,22.21,-58.91,0.36,98.54
2026-01-02 05:50:00,5043.74,886.95,2186.61,100.0,21.27,22.27,-39.05,0.45,98.54
2026-01-02 05:55:00,4980.28,1350.43,1709.07,100.0,21.23,22.16,-40.12,0.18,98.54
2026-01-02 06:00:00,4962.23,738.14,2116.08,100.0,21.19,22.2,-57.88,0.29,98.54
2026-01-02 06:05:00,5096.52,607.43,1985.37,100.0,21.24,22.2,-53.89,0.34,98.54
2026-01-02 06:10:00,4802.22,637.5,1827.13,100.0,21.21,22.21,-32.08,0.21,98.54
2026-01-02 06:15:00,4974.11,1335.12,1967.29,100.0,21.17,22.29,-31.68,0.24,98.54
2026-01-02 06:20:00,5131.79,1388.84,1812.94,100.0,21.17,22.23,-54.09,0.43,98.54
2026-01-02 06:25:00,4894.52,1482.05,2171.08,100.0,21.18,22.15,-34.93,0.38,98.54
2026-01-02 06:30:00,5087.33,1939.78,1977.42,100.0,21.18,22.05,-36.52,0.2,98.54
2026-01-02 06:35:00,4903.72,1465.42,2155.01,100.0,21.23,21.97,-37.74,0.12,98.54
2026-01-02 06:40:00,4988.36,873.99,1955.65,100.0,21.18,22.06,-31.67,0.45,98.54
2026-01-02 06:45:00,5031.59,1231.5,1710.64,100.0,21.17,22.11,-35.76,0.48,98.54
2026-01-02 06:50:00,5037.3,576.59,2044.1,100.0,21.2,22.02,-48.77,0.27,98.54
2026-01-02 06:55:00,5023.73,794.91,1958.31,100.0,21.16,22.01,-59.61,0.29,98.54
2026-01-02 07:00:00,4910.69,832.93,1900.02,100.0,21.12,22.09,-45.15,0.43,98.54
2026-01-02 07:05:00,4949.18,1114.96,1605.55,100.0,21.11,22.15,-56.78,0.24,98.54
2026-01-02 07:10:00,4921.35,1104.82,2035.6,100.0,21.13,22.2,-36.89,0.33,98.54
2026-01-02 07:15:00,4803.49,1921.55,1555.82,100.0,21.1,22.1,-32.01,0.33,98.54
2026-01-02 07:20:00,4623.82,1640.78,1531.79,100.0,21.07,22.18,-49.49,0.11,98.54
2026-01-02 07:25:00,4843.14,1051.3,2072.49,100.0,21.03,22.2,-46.25,0.4,98.54
2026-01-02 07:30:00,4493.45,1691.29,1539.84,100.0,21.01,22.28,-38.81,0.19,98.54
2026-01-02 07:35:00,4688.65,1871.76,1543.6,100.0,20.98,22.31,-35.36,0.1,98.54
2026-01-02 07:40:00,4538.64,962.39,1523.23,100.0,20.97,22.35,-40.31,0.12,98.54
2026-01-02 07:45:00,4394.57,1835.53,1547.8,100.0,20.97,22.38,-40.25,0.35,98.54
2026-01-02 07:50:00,4338.04,1950.19,1771.77,100.0,20.93,22.29,-52.5,0.49,98.54
2026-01-02 07:55:00,4514.09,1959.33,1568.02,100.0,20.89,22.25,-49.33,0.25,98.54
2026-01-02 08:00:00,4236.22,548.92,1782.32,100.0,20.91,22.15,-43.84,0.3,98.54
2026-01-02 08:05:00,4284.1,1467.67,1768.73,100.0,20.94,22.1,-42.17,0.34,98.54
2026-01-02 08:10:00,4107.08,591.85,1815.79,100.0,20.9,22.04,-51.36,0.14,98.54
2026-01-02 08:15:00,4084.62,1438.62,1813.84,100.0,20.89,22.07,-53.59,0.44,98.54
2026-01-02 08:20:00,4163.33,1816.56,1874.24,100.0,20.92,22.11,-31.14,0.38,98.54
2026-01-02 08:25:00,4188.09,590.97,2169.01,100.0,20.96,22.01,-58.98,0.27,98.54
2026-01-02 08:30:00,4085.54,1946.8,1612.16,100.0,21.0,21.91,-46.17,0.29,98.54
2026-01-02 08:35:00,3881.05,820.15,1652.25,100.0,21.03,21.9,-59.04,0.38,98.54
2026-01-02 08:40:00,3774.45,666.4,1861.66,100.0,21.05,21.83,-32.84,0.31,98.54
2026-01-02 08:45:00,3686.88,1160.9,2067.25,100.0,21.07,21.76,-44.43,0.4,98.54
2026-01-02 08:50:00,3605.42,1548.86,1618.66,100.0,21.03,21.77,-55.31,0.26,98.54
2026-01-02 08:55:00,3513.02,1660.28,1871.67,100.0,21.01,21.73,-30.03,0.18,98.54
2026-01-02 09:00:00,3634.31,737.63,1839.76,100.0,20.98,21.76,-34.04,0.44,98.54
2026-01-02 09:05:00,3557.95,738.82,2073.31,100.0,21.02,21.78,-44.34,0.43,98.54
2026-01-02 09:10:00,3415.76,1068.63,1839.95,100.0,21.05,21.82,-59.85,0.32,98.54
2026-01-02 09:15:00,3409.0,1997.81,2077.54,100.0,21.09,21.84,-40.47,0.36,98.54
2026-01-02 09:20:00,3313.39,788.91,2163.74,100.0,21.12,21.91,-30.32,0.33,98.54
2026-01-02 09:25:00,3194.1,1091.14,1723.16,100.0,21.1,21.96,-36.7,0.26,98.54
2026-01-02 09:30:00,2945.1,1584.45,2026.37,100.0,21.14,22.04,-59.56,0.14,98.54
2026-01-02 09:35:00,2964.02,1388.62,2054.76,100.0,21.17,21.95,-50.91,0.13,98.54
2026-01-02 09:40:00,2790.88,1285.93,2014.27,100.0,21.14,22.04,-44.73,0.19,98.54
2026-01-02 09:45:00,2710.6,1168.28,2145.8,100.0,21.18,22.08,-38.48,0.24,98.54
2026-01-02 09:50:00,2661.62,1954.03,2142.26,100.0,21.21,22.01,-32.09,0.24,98.54
2026-01-02 09:55:00,2537.46,817.46,2044.95,100.0,21.17,21.93,-40.87,0.31,98.54
2026-01-02 10:00:00,2549.42,1752.14,1508.64,100.0,21.13,21.98,-52.58,0.24,98.54
2026-01-02 10:05:00,2384.22,1234.65,1904.87,100.0,21.17,21.95,-56.17,0.45,98.54
2026-01-02 10:10:00,2221.62,1234.82,2033.06,100.0,21.16,21.95,-55.85,0.31,98.54
2026-01-02 10:15:00,2238.1,1293.12,1969.48,100.0,21.16,22.05,-50.48,0.47,98.54
2026-01-02 10:20:00,2083.37,698.45,1813.79,100.0,21.16,21.95,-50.53,0.13,98.54
2026-01-02 10:25:00,2030.45,1684.23,2129.38,100.0,21.2,21.92,-45.44,0.43,98.54
2026-01-02 10:30:00,1898.34,1364.53,1646.27,100.0,21.19,22.0,-54.38,0.37,98.54
2026-01-02 10:35:00,1811.67,827.03,2199.51,100.0,21.23,21.96,-42.3,0.18,98.54
2026-01-02 10:40:00,1673.52,1224.78,2149.08,100.0,21.24,22.06,-52.05,0.31,98.54
2026-01-02 10:45:00,1568.2,858.19,1628.64,100.0,21.27,22.14,-57.56,0.39,98.54
2026-01-02 10:50:00,1485.16,851.94,1771.65,100.0,21.29,22.18,-59.11,0.32,98.54
2026-01-02 10:55:00,1355.75,1574.63,1528.22,100.0,21.27,22.21,-31.25,0.23,98.54
2026-01-02 11:00:00,1337.33,1905.67,1819.79,100.0,21.26,22.16,-50.17,0.17,98.54
2026-01-02 11:05:00,1172.01,1214.42,1820.1,100.0,21.28,22.14,-33.76,0.28,98.54
2026-01-02 11:10:00,1066.1,1212.67,1789.68,100.0,21.31,22.17,-31.21,0.2,98.54
2026-01-02 11:15:00,973.8,1500.2,2144.46,100.0,21.27,22.23,-45.65,0.29,98.54
2026-01-02 11:20:00,878.93,800.96,1917.43,97.62,21.23,22.23,-30.32,0.45,98.54
2026-01-02 11:25:00,740.04,909.18,2181.26,92.3,21.18,22.15,-47.78,0.38,98.54
2026-01-02 11:30:00,650.0,1932.46,2010.72,98.02,21.21,22.23,-53.29,0.18,98.54
2026-01-02 11:35:00,557.58,875.13,1672.62,95.62,21.21,22.19,-44.47,0.44,98.54
2026-01-02 11:40:00,426.86,982.83,1976.47,89.95,21.18,22.11,-36.31,0.12,98.54
2026-01-02 11:45:00,322.53,1157.44,2136.59,83.39,21.16,22.11,-47.47,0.29,98.54
2026-01-02 11:50:00,215.28,919.33,2161.55,73.12,21.19,22.03,-56.51,0.38,98.54
2026-01-02 11:55:00,106.08,1769.64,1985.16,72.02,21.22,22.03,-52.41,0.28,98.54
2026-01-02 12:00:00,0.0,1518.92,1744.58,69.77,21.23,22.0,-35.35,0.12,98.54
2026-01-02 12:05:00,0.0,1517.69,1559.52,69.35,21.18,21.95,-33.55,0.17,98.54
2026-01-02 12:10:00,0.0,1189.39,1957.18,61.67,21.23,21.91,-42.15,0.15,98.54
2026-01-02 12:15:00,0.0,522.96,1815.94,48.74,21.24,22.0,-50.77,0.27,98.54
2026-01-02 12:20:00,0.0,1825.98,1550.1,51.5,21.26,21.94,-33.38,0.42,98.54
2026-01-02 12:25:00,0.0,1733.24,1947.83,49.36,21.3,22.03,-33.69,0.4,98.54
2026-01-02 12:30:00,0.0,1768.92,2193.12,45.11,21.34,22.09,-53.87,0.48,98.54
2026-01-02 12:35:00,0.0,816.6,1863.76,34.64,21.3,21.99,-51.27,0.13,98.54
2026-01-02 12:40:00,0.0,1025.39,2078.4,24.11,21.26,21.92,-38.29,0.1,98.54
2026-01-02 12:45:00,0.0,1130.76,1828.31,17.14,21.3,21.93,-33.51,0.1,98.54
2026-01-02 12:50:00,0.0,579.11,2045.86,2.47,21.28,21.91,-44.69,0.34,98.54
2026-01-02 12:55:00,0.0,926.39,1650.05,0.0,21.31,21.97,-49.26,0.41,98.54
2026-01-02 13:00:00,0.0,1147.74,2016.04,0.0,21.31,21.87,-44.85,0.32,98.54
2026-01-02 13:05:00,0.0,778.06,1953.71,0.0,21.33,21.9,-55.41,0.4,98.54
2026-01-02 13:10:00,0.0,996.82,1939.65,0.0,21.28,21.92,-31.46,0.29,98.54
2026-01-02 13:15:00,0.0,1788.9,1646.78,1.42,21.32,22.02,-53.66,0.34,98.54
2026-01-02 13:20:00,0.0,1664.57,2183.93,0.0,21.29,22.06,-56.42,0.35,98.54
2026-01-02 13:25:00,0.0,1783.46,1520.64,2.63,21.28,22.11,-47.35,0.35,98.54
2026-01-02 13:30:00,0.0,1878.66,1651.97,4.9,21.28,22.11,-36.76,0.41,98.54
2026-01-02 13:35:00,0.0,733.23,1992.47,0.0,21.29,22.16,-39.93,0.42,98.54
2026-01-02 13:40:00,0.0,1220.5,1517.19,0.0,21.27,22.13,-56.64,0.12,98.54
2026-01-02 13:45:00,0.0,1875.26,2197.04,0.0,21.3,22.19,-33.62,0.49,98.54
2026-01-02 13:50:00,0.0,1994.51,1506.42,4.88,21.31,22.22,-30.84,0.22,98.54
2026-01-02 13:55:00,0.0,1846.64,2025.91,3.09,21.35,22.27,-43.07,0.35,98.54
2026-01-02 14:00:00,0.0,1164.26,2173.62,0.0,21.38,22.27,-44.17,0.33,98.54
2026-01-02 14:05:00,0.0,578.92,2009.42,0.0,21.35,22.21,-32.11,0.29,98.54
2026-01-02 14:10:00,0.0,637.63,2055.69,0.0,21.37,22.28,-58.91,0.45,98.54
2026-01-02 14:15:00,0.0,1921.47,1780.43,1.41,21.41,22.22,-41.38,0.19,98.54
2026-01-02 14:20:00,0.0,1092.51,1730.01,0.0,21.4,22.25,-32.23,0.14,98.54
2026-01-02 14:25:00,0.0,659.47,1901.22,0.0,21.37,22.29,-38.18,0.22,98.54
2026-01-02 14:30:00,0.0,1534.72,1810.13,0.0,21.36,22.18,-57.18,0.31,98.54
2026-01-02 14:35:00,0.0,529.09,1988.65,0.0,21.36,22.12,-40.02,0.34,98.54
2026-01-02 14:40:00,0.0,1074.25,2010.74,0.0,21.36,22.17,-51.61,0.47,98.54
2026-01-02 14:45:00,0.0,1095.93,1822.22,0.0,21.36,22.23,-49.18,0.48,98.54
2026-01-02 14:50:00,0.0,1225.15,1591.54,0.0,21.39,22.19,-57.23,0.29,98.54
2026-01-02 14:55:00,0.0,684.43,2031.65,0.0,21.41,22.17,-51.42,0.39,98.54
2026-01-02 15:00:00,0.0,951.23,1905.55,0.0,21.43,22.09,-40.84,0.42,98.54
2026-01-02 15:05:00,0.0,1737.71,1958.78,0.0,21.41,22.01,-40.38,0.24,98.54
2026-01-02 15:10:00,0.0,1429.49,2056.08,0.0,21.38,21.96,-56.46,0.49,98.54
2026-01-02 15:15:00,0.0,1556.4,1917.55,0.0,21.42,22.02,-38.99,0.42,98.54
2026-01-02 15:20:00,0.0,722.44,2057.98,0.0,21.45,21.94,-53.63,0.3,98.54
2026-01-02 15:25:00,0.0,578.4,1655.16,0.0,21.49,22.03,-48.21,0.41,98.54
2026-01-02 15:30:00,0.0,1303.73,2140.6,0.0,21.53,22.04,-42.58,0.19,98.54
2026-01-02 15:35:00,0.0,1094.7,1957.05,0.0,21.51,21.95,-56.99,0.1,98.54
2026-01-02 15:40:00,0.0,1157.15,2068.72,0.0,21.53,21.94,-48.02,0.15,98.54
2026-01-02 15:45:00,0.0,1969.95,2061.21,0.0,21.49,21.97,-37.54,0.42,98.54
2026-01-02 15:50:00,0.0,1589.87,1609.98,0.0,21.47,22.05,-30.94,0.44,98.54
2026-01-02 15:55:00,0.0,1733.03,1801.93,0.0,21.5,21.96,-59.69,0.36,98.54
2026-01-02 16:00:00,0.0,979.87,1629.9,0.0,21.54,21.9,-40.68,0.33,98.54
2026-01-02 16:05:00,0.0,1086.6,1591.5,0.0,21.58,22.0,-56.78,0.27,98.54
2026-01-02 16:10:00,0.0,565.65,2097.17,0.0,21.61,21.96,-44.51,0.48,98.54
2026-01-02 16:15:00,0.0,945.77,1918.08,0.0,21.58,21.91,-48.18,0.26,98.54
2026-01-02 16:20:00,0.0,1063.68,1849.3,0.0,21.61,21.99,-48.56,0.32,98.54
2026-01-02 16:25:00,0.0,960.15,1562.3,0.0,21.62,22.04,-47.7,0.36,98.54
2026-01-02 16:30:00,0.0,1291.78,1947.29,0.0,21.67,22.05,-48.36,0.2,98.54
2026-01-02 16:35:00,0.0,1816.21,2100.56,0.0,21.67,21.95,-49.72,0.19,98.54
2026-01-02 16:40:00,0.0,1157.55,1802.05,0.0,21.71,21.93,-47.22,0.43,98.54
2026-01-02 16:45:00,0.0,1063.61,1875.46,0.0,21.71,21.94,-40.45,0.12,98.54
2026-01-02 16:50:00,0.0,1586.29,1817.49,0.0,21.66,21.94,-44.34,0.19,98.54
2026-01-02 16:55:00,0.0,1737.18,1941.42,0.0,21.62,21.97,-31.25,0.49,98.54
2026-01-02 17:00:00,0.0,1401.62,1864.48,0.0,21.62,21.88,-44.6,0.33,98.54
2026-01-02 17:05:00,0.0,1076.52,1725.98,0.0,21.58,21.91,-38.55,0.33,98.54
2026-01-02 17:10:00,0.0,1046.63,1779.27,0.0,21.55,21.96,-48.86,0.27,98.54
2026-01-02 17:15:00,0.0,868.54,1997.99,0.0,21.52,21.87,-50.14,0.28,98.54
2026-01-02 17:20:00,0.0,1320.36,2144.51,0.0,21.54,21.87,-50.12,0.36,98.54
2026-01-02 17:25:00,0.0,1585.24,2111.76,0.0,21.56,21.82,-55.77,0.15,98.54
2026-01-02 17:30:00,0.0,977.88,1857.9,0.0,21.52,21.81,-37.72,0.18,98.54
2026-01-02 17:35:00,0.0,914.51,1991.95,0.0,21.55,21.75,-55.48,0.29,98.54
